{
	"class_name" : "PinholeCameraParameters",
	"extrinsic" : 
	[
		0.96923268778803606,
		-0.11314716722286711,
		-0.21859944069603687,
		0.0,
		0.12509483896527407,
		0.99127372157208737,
		0.041565492717832345,
		0.0,
		0.2119888633570918,
		-0.067632296057908395,
		0.97492902015608496,
		0.0,
		-0.44432352155321375,
		0.2989101170071502,
		6.1548876562862622,
		1.0
	],
	"intrinsic" : 
	{
		"height" : 1003,
		"intrinsic_matrix" : 
		[
			868.62347999579197,
			0.0,
			0.0,
			0.0,
			868.62347999579197,
			0.0,
			959.5,
			501.0,
			1.0
		],
		"width" : 1920
	},
	"version_major" : 1,
	"version_minor" : 0
}