{
	"class_name" : "PinholeCameraParameters",
	"extrinsic" : 
	[
		0.98830863928651613,
		0.014225227886351293,
		-0.15180143742144339,
		0.0,
		-0.015911344690104176,
		0.99982441010885237,
		-0.0098983867694796644,
		0.0,
		0.15163397581606741,
		0.012198026154541967,
		0.98836144478431853,
		0.0,
		-4.0158684242950224,
		-1.2399802164695535,
		11.274145076080151,
		1.0
	],
	"intrinsic" : 
	{
		"height" : 1003,
		"intrinsic_matrix" : 
		[
			868.62347999579197,
			0.0,
			0.0,
			0.0,
			868.62347999579197,
			0.0,
			959.5,
			501.0,
			1.0
		],
		"width" : 1920
	},
	"version_major" : 1,
	"version_minor" : 0
}