{
	"class_name" : "PinholeCameraParameters",
	"extrinsic" : 
	[
		0.024501370438491182,
		-0.82095772284595769,
		-0.57046305765247918,
		0.0,
		0.97101724363002961,
		-0.11616587474832776,
		0.208880353592902,
		0.0,
		-0.23775027953669325,
		-0.55904732075517161,
		0.79431788204514731,
		0.0,
		0.68866017361417464,
		4.9717274473218733,
		9.2681306160180377,
		1.0
	],
	"intrinsic" : 
	{
		"height" : 1003,
		"intrinsic_matrix" : 
		[
			868.62347999579197,
			0.0,
			0.0,
			0.0,
			868.62347999579197,
			0.0,
			959.5,
			501.0,
			1.0
		],
		"width" : 1920
	},
	"version_major" : 1,
	"version_minor" : 0
}